asset_id,symbol,date_utc,indexed_price_100,rolling_volatility_30d_pct_annualized
atletico-madrid,ATM,2020-06-30,86.98465367572251,
atletico-madrid,ATM,2020-07-31,113.97154386384838,108.80104682459192
atletico-madrid,ATM,2020-08-31,127.68747050889615,93.06199032635548
atletico-madrid,ATM,2020-09-30,112.348888855952,132.08465711026872
atletico-madrid,ATM,2020-10-31,91.4044258169188,91.50181611983012
atletico-madrid,ATM,2020-11-30,93.01687162131222,73.53302152694964
atletico-madrid,ATM,2020-12-31,208.55752471390448,155.02218640855062
atletico-madrid,ATM,2021-01-31,96.4621625681268,383.948871754894
atletico-madrid,ATM,2021-02-28,152.89847361899783,150.94385979105468
atletico-madrid,ATM,2021-03-31,242.43201588521092,157.04217563525086
atletico-madrid,ATM,2021-04-30,234.33402699875305,104.30966097188333
atletico-madrid,ATM,2021-05-31,322.0416814237404,263.5632133599712
atletico-madrid,ATM,2021-06-30,197.66805421872385,324.29044599697386
atletico-madrid,ATM,2021-07-31,322.1764030907672,131.8133357204215
atletico-madrid,ATM,2021-08-31,364.1535287232567,168.2281298628059
atletico-madrid,ATM,2021-09-30,316.0128757633952,103.53548566613914
atletico-madrid,ATM,2021-10-31,280.83096501196457,73.53606518115892
atletico-madrid,ATM,2021-11-30,205.8419871910444,57.26689580021947
atletico-madrid,ATM,2021-12-31,164.0214063658974,76.32429770335712
atletico-madrid,ATM,2022-01-31,122.79948527032045,77.65735412114839
atletico-madrid,ATM,2022-02-28,127.13637261579704,74.17880221125645
atletico-madrid,ATM,2022-03-31,180.7896968231569,82.16132914746012
atletico-madrid,ATM,2022-04-30,99.75984590849856,87.00214556717634
atletico-madrid,ATM,2022-05-31,84.29540789362784,158.9605130074342
atletico-madrid,ATM,2022-06-30,70.3423246588655,153.79387741472203
atletico-madrid,ATM,2022-07-31,111.33289060268812,72.84262030169614
atletico-madrid,ATM,2022-08-31,111.29178832726348,82.67576580072303
atletico-madrid,ATM,2022-09-30,108.42911881632529,84.78156313300236
atletico-madrid,ATM,2022-10-31,82.6563274608107,61.02575199155314
atletico-madrid,ATM,2022-11-30,63.8996480645319,116.06748213847757
atletico-madrid,ATM,2022-12-31,53.20378189601832,87.18146377381592
atletico-madrid,ATM,2023-01-31,76.0408631389352,111.03247161430542
atletico-madrid,ATM,2023-02-28,73.86016952808261,110.36780902684596
atletico-madrid,ATM,2023-03-31,67.22185893336277,59.832793046114624
atletico-madrid,ATM,2023-04-30,70.31912996791677,77.20129214955752
atletico-madrid,ATM,2023-05-31,62.06908699635058,50.43918970171539
atletico-madrid,ATM,2023-06-30,56.105994096580616,69.8255175950996
atletico-madrid,ATM,2023-07-31,66.59900903254578,63.53980745413672
atletico-madrid,ATM,2023-08-31,59.36666216119658,80.14459473952799
atletico-madrid,ATM,2023-09-30,55.4101699594574,37.45348666694528
atletico-madrid,ATM,2023-10-31,57.17722491505788,24.094514166234724
atletico-madrid,ATM,2023-11-30,66.05573119023384,28.003919828048495
atletico-madrid,ATM,2023-12-31,60.09277655161642,40.881638285549855
atletico-madrid,ATM,2024-01-31,59.20544412689851,46.02961755546176
atletico-madrid,ATM,2024-02-29,64.43643869356706,30.16763815057374
atletico-madrid,ATM,2024-03-31,79.90510196925914,52.029917192850064
atletico-madrid,ATM,2024-04-30,70.16932677437173,99.65532476361922
atletico-madrid,ATM,2024-05-31,68.76729232234715,70.07483474290922
atletico-madrid,ATM,2024-06-30,52.19867862157391,101.91025476257305
atletico-madrid,ATM,2024-07-31,48.82702003415161,77.35059663404988
atletico-madrid,ATM,2024-08-31,41.96008079760536,59.020461681035776
atletico-madrid,ATM,2024-09-30,41.53967011110224,55.046055683757054
atletico-madrid,ATM,2024-10-31,45.46319532363175,83.3204940634061
atletico-madrid,ATM,2024-11-30,51.46119916441596,68.71890646144081
atletico-madrid,ATM,2024-12-31,47.936717759877325,64.46912377295648
atletico-madrid,ATM,2025-01-31,39.722603331408,62.23026162905365
atletico-madrid,ATM,2025-02-28,33.708157474364725,73.75322754628921
atletico-madrid,ATM,2025-03-31,27.748543225192464,66.26404084522903
atletico-madrid,ATM,2025-04-30,25.82124912425386,58.279676764233145
atletico-madrid,ATM,2025-05-31,25.3653495651189,65.11323429224326
atletico-madrid,ATM,2025-06-30,23.310705881806403,75.43112476259792
atletico-madrid,ATM,2025-07-31,36.71964852466501,65.821854005889
atletico-madrid,ATM,2025-08-31,28.6902924743238,151.48316251064188
atletico-madrid,ATM,2025-09-30,34.98256582171037,67.4734019259901
atletico-madrid,ATM,2025-10-31,25.336447453793674,91.57158199575981
atletico-madrid,ATM,2025-11-30,21.001067154879703,61.87881046705697
atletico-madrid,ATM,2025-12-31,21.47350827830355,41.48311723100114
atletico-madrid,ATM,2026-01-31,19.877458863988853,36.942158558087385
atletico-madrid,ATM,2026-02-28,30.46713631952351,139.12053373429856
atletico-madrid,ATM,2026-03-31,23.837079915609817,96.53168168235885
atletico-madrid,ATM,2026-04-30,24.66020109586896,42.989288937739175
atletico-madrid,ATM,2026-05-31,23.310985169334515,50.74230026841427
atletico-madrid,ATM,2026-06-30,54.89381985921254,91.25129470406087
atletico-madrid,ATM,2026-07-31,38.628592605439614,158.0430594810981
atletico-madrid,ATM,2026-08-31,27.08336605513944,111.30548189741167
atletico-madrid,ATM,2026-09-30,26.05128802983609,79.01377294454319
croatian-ff-fan-token,VATRENI,2022-11-30,97.6370958900766,
croatian-ff-fan-token,VATRENI,2022-12-31,49.81382697728962,126.0821318122985
croatian-ff-fan-token,VATRENI,2023-01-31,62.88155990970944,149.9766455674608
croatian-ff-fan-token,VATRENI,2023-02-28,49.699719382940025,129.09551537417212
croatian-ff-fan-token,VATRENI,2023-03-31,38.77702479274247,256.883777690872
croatian-ff-fan-token,VATRENI,2023-04-30,39.297985644094965,207.23698260970923
croatian-ff-fan-token,VATRENI,2023-05-31,44.9617242827858,107.05427220648822
croatian-ff-fan-token,VATRENI,2023-06-30,28.429122441089376,129.5332542576044
croatian-ff-fan-token,VATRENI,2023-07-31,31.920562520341456,101.49212194035984
croatian-ff-fan-token,VATRENI,2023-08-31,30.63466667288295,52.349324139977774
croatian-ff-fan-token,VATRENI,2023-09-30,29.14505623688196,46.79496009850368
croatian-ff-fan-token,VATRENI,2023-10-31,25.44507138220888,66.29612674094744
croatian-ff-fan-token,VATRENI,2023-11-30,28.543230035438967,96.1121054057816
croatian-ff-fan-token,VATRENI,2023-12-31,26.91109994770782,83.54620326744316
croatian-ff-fan-token,VATRENI,2024-01-31,33.20691773262731,112.98543719519854
croatian-ff-fan-token,VATRENI,2024-02-29,28.344462189029716,180.5739882811271
croatian-ff-fan-token,VATRENI,2024-03-31,47.93818210963228,173.2274102959671
croatian-ff-fan-token,VATRENI,2024-04-30,56.33302633593404,266.4737302794408
croatian-ff-fan-token,VATRENI,2024-05-31,34.33694835169272,131.50346155594613
croatian-ff-fan-token,VATRENI,2024-06-30,11.416739747954056,140.59917475828846
croatian-ff-fan-token,VATRENI,2024-07-31,9.071552893768722,295.08698359453615
croatian-ff-fan-token,VATRENI,2024-08-31,12.19122199065816,408.4313653718306
croatian-ff-fan-token,VATRENI,2024-09-30,14.476939097205497,343.8923777244553
croatian-ff-fan-token,VATRENI,2024-10-31,13.095110561914932,174.86704172144007
croatian-ff-fan-token,VATRENI,2024-11-30,11.442390474226984,103.21352781180362
croatian-ff-fan-token,VATRENI,2024-12-31,48.70737480063052,203.18631081419224
croatian-ff-fan-token,VATRENI,2025-01-31,51.07729279441017,117.67520443677701
croatian-ff-fan-token,VATRENI,2025-02-28,21.686536366576423,216.0050866021558
croatian-ff-fan-token,VATRENI,2025-03-31,32.91371270514667,217.36749703078732
croatian-ff-fan-token,VATRENI,2025-04-30,34.3986060814281,69.08068206326591
croatian-ff-fan-token,VATRENI,2025-05-31,57.0781777916029,79.46775811998793
croatian-ff-fan-token,VATRENI,2025-06-30,82.37819615933981,136.5031309799073
croatian-ff-fan-token,VATRENI,2025-07-31,126.716925749572,146.91168485927312
croatian-ff-fan-token,VATRENI,2025-08-31,136.16451074869133,372.58469716093384
croatian-ff-fan-token,VATRENI,2025-09-30,128.72417178407082,114.68770890473303
croatian-ff-fan-token,VATRENI,2025-10-31,172.35386147901625,144.57629325801562
croatian-ff-fan-token,VATRENI,2025-11-30,233.5203725215639,167.8635491303471
croatian-ff-fan-token,VATRENI,2025-12-31,132.74427221767695,523.3109631836007
croatian-ff-fan-token,VATRENI,2026-01-31,122.83726754168582,141.1488535689128
croatian-ff-fan-token,VATRENI,2026-02-28,214.11528014021184,257.3106780456985
croatian-ff-fan-token,VATRENI,2026-03-31,187.60666605555147,111.51828178811228
croatian-ff-fan-token,VATRENI,2026-04-30,172.00947498234015,100.75337028608621
croatian-ff-fan-token,VATRENI,2026-05-31,170.93395794151627,143.77914473575078
croatian-ff-fan-token,VATRENI,2026-06-30,173.7806760575007,160.01179894686496
croatian-ff-fan-token,VATRENI,2026-07-31,120.16022645177628,76.78709886027454
croatian-ff-fan-token,VATRENI,2026-08-31,165.58896707156364,60.647894840394294
croatian-ff-fan-token,VATRENI,2026-09-30,182.26144207508943,65.69240707933844
og-fan-token,OG,2020-06-30,156.20022502541914,
og-fan-token,OG,2020-07-31,163.61001231462237,160.0263636052869
og-fan-token,OG,2020-08-31,172.97732833456882,98.76824278711054
og-fan-token,OG,2020-09-30,147.19422063428405,148.42521180765397
og-fan-token,OG,2020-10-31,107.44313095223627,92.97556024015219
og-fan-token,OG,2020-11-30,105.96846504713176,59.53197238254707
og-fan-token,OG,2020-12-31,355.30944033281884,216.8897263070447
og-fan-token,OG,2021-01-31,184.07450194643943,511.2318210539299
og-fan-token,OG,2021-02-28,244.59647838257155,204.49709215087427
og-fan-token,OG,2021-03-31,584.1801661663851,189.96952867778512
og-fan-token,OG,2021-04-30,557.9078914854917,181.84008023666922
og-fan-token,OG,2021-05-31,324.6225608743381,212.643784209174
og-fan-token,OG,2021-06-30,208.9616727632149,231.1723729776249
og-fan-token,OG,2021-07-31,232.5469849429436,108.7926261651531
og-fan-token,OG,2021-08-31,298.9619411328642,122.1456141075933
og-fan-token,OG,2021-09-30,392.0230413066462,161.19459084330876
og-fan-token,OG,2021-10-31,334.6611554680569,122.4851443364582
og-fan-token,OG,2021-11-30,264.475782930475,87.42749582608785
og-fan-token,OG,2021-12-31,239.6882759933728,113.84534428679216
og-fan-token,OG,2022-01-31,171.16018731188805,105.12182072973059
og-fan-token,OG,2022-02-28,172.10163310526977,94.26572819445089
og-fan-token,OG,2022-03-31,218.67384378253348,132.74357600534424
og-fan-token,OG,2022-04-30,152.78305655814404,108.49950003383736
og-fan-token,OG,2022-05-31,134.4961207926728,184.6876579324843
og-fan-token,OG,2022-06-30,179.71429265862162,238.09742342759358
og-fan-token,OG,2022-07-31,250.857542301133,132.34534722493405
og-fan-token,OG,2022-08-31,320.7441384017726,142.06609979584664
og-fan-token,OG,2022-09-30,288.1869503485767,118.6020475097204
og-fan-token,OG,2022-10-31,204.9685729013493,71.96766305387916
og-fan-token,OG,2022-11-30,163.55893346863212,131.40464845577574
og-fan-token,OG,2022-12-31,125.10518318000818,100.47323036453429
og-fan-token,OG,2023-01-31,148.097702249444,57.08331217872366
og-fan-token,OG,2023-02-28,147.0589977760764,65.90025778221475
og-fan-token,OG,2023-03-31,141.47292150238394,56.457934501629786
og-fan-token,OG,2023-04-30,577.0302417149732,332.91118753961587
og-fan-token,OG,2023-05-31,280.09854229708213,223.5625908853995
og-fan-token,OG,2023-06-30,231.0159360935911,141.74501741025873
og-fan-token,OG,2023-07-31,209.8653569215064,76.32286029652822
og-fan-token,OG,2023-08-31,221.80237562839005,110.75327767714423
og-fan-token,OG,2023-09-30,237.65142630873245,172.78980183341685
og-fan-token,OG,2023-10-31,235.3040273676279,47.987245631011845
og-fan-token,OG,2023-11-30,241.887388044284,41.28281219843029
og-fan-token,OG,2023-12-31,247.91097014109152,88.05670351406606
og-fan-token,OG,2024-01-31,245.51736604809992,77.1406888488953
og-fan-token,OG,2024-02-29,276.1845228691449,47.19713845439952
og-fan-token,OG,2024-03-31,318.47712376600595,75.09769689604524
og-fan-token,OG,2024-04-30,226.40724436018647,98.59578129439392
og-fan-token,OG,2024-05-31,240.02229493520645,68.7615939375747
og-fan-token,OG,2024-06-30,171.348995487339,66.83201979322631
og-fan-token,OG,2024-07-31,154.97133255151684,88.0766817868269
og-fan-token,OG,2024-08-31,156.59785516950834,77.83941442448898
og-fan-token,OG,2024-09-30,157.40660989382684,74.40126309022205
og-fan-token,OG,2024-10-31,300.7943235261949,344.2640096317295
og-fan-token,OG,2024-11-30,301.683335966394,153.56533797576063
og-fan-token,OG,2024-12-31,252.08735887807308,85.90830313864367
og-fan-token,OG,2025-01-31,215.7481082471512,69.06075858559502
og-fan-token,OG,2025-02-28,201.2586789731873,77.59414762348295
og-fan-token,OG,2025-03-31,218.51332835077227,79.16220829260153
og-fan-token,OG,2025-04-30,219.37178209599733,65.49246093228638
og-fan-token,OG,2025-05-31,242.9507394849733,82.05627227140383
og-fan-token,OG,2025-06-30,219.62610031556216,123.78208621792778
og-fan-token,OG,2025-07-31,281.507229777081,60.82386506259223
og-fan-token,OG,2025-08-31,689.8625643580799,130.27101140231989
og-fan-token,OG,2025-09-30,842.411063310932,157.83803640438015
og-fan-token,OG,2025-10-31,595.5534693613006,152.28260072771516
og-fan-token,OG,2025-11-30,634.2521702496546,125.3126268728367
og-fan-token,OG,2025-12-31,613.1942165834214,57.71095507247816
og-fan-token,OG,2026-01-31,158.00621351691842,187.77585246959407
og-fan-token,OG,2026-02-28,160.87756622147683,179.1925352705636
og-fan-token,OG,2026-03-31,140.61946804071923,124.63143688583695
og-fan-token,OG,2026-04-30,154.34560086445407,77.94931954580335
og-fan-token,OG,2026-05-31,150.6635312989901,90.85987540545372
og-fan-token,OG,2026-06-30,127.45232894219822,86.23811764732503
og-fan-token,OG,2026-07-31,134.06058976509047,63.251563549474376
og-fan-token,OG,2026-08-31,152.06164855931067,40.56475202290772
og-fan-token,OG,2026-09-30,148.3806929810703,56.37818569278105
paris-saint-germain-fan-token,PSG,2020-06-30,71.0669407139159,
paris-saint-germain-fan-token,PSG,2020-07-31,90.8310740941609,136.24112163076896
paris-saint-germain-fan-token,PSG,2020-08-31,128.69551785136696,130.16738070213262
paris-saint-germain-fan-token,PSG,2020-09-30,127.15845720839889,152.4937225732852
paris-saint-germain-fan-token,PSG,2020-10-31,168.90261297943746,94.82306938051285
paris-saint-germain-fan-token,PSG,2020-11-30,138.0711777434439,136.75897441245937
paris-saint-germain-fan-token,PSG,2020-12-31,208.85783139218285,205.82802498414964
paris-saint-germain-fan-token,PSG,2021-01-31,133.35209483552987,277.821262265992
paris-saint-germain-fan-token,PSG,2021-02-28,150.86044012938655,109.48575642278615
paris-saint-germain-fan-token,PSG,2021-03-31,298.6952055977299,197.59931673151672
paris-saint-germain-fan-token,PSG,2021-04-30,723.3753545774098,183.42981078937325
paris-saint-germain-fan-token,PSG,2021-05-31,273.34812700648587,242.15888693990414
paris-saint-germain-fan-token,PSG,2021-06-30,207.2775283516052,267.2998548217112
paris-saint-germain-fan-token,PSG,2021-07-31,414.01397476959073,95.5196052303627
paris-saint-germain-fan-token,PSG,2021-08-31,529.4100819129604,184.41344041364286
paris-saint-germain-fan-token,PSG,2021-09-30,406.53931659664346,108.91117781324718
paris-saint-germain-fan-token,PSG,2021-10-31,336.85417707840674,69.35925547343359
paris-saint-germain-fan-token,PSG,2021-11-30,284.7783448633252,67.38715930337668
paris-saint-germain-fan-token,PSG,2021-12-31,249.7694448461512,78.43860198790146
paris-saint-germain-fan-token,PSG,2022-01-31,236.38705825375465,67.90958811553725
paris-saint-germain-fan-token,PSG,2022-02-28,267.6613890019537,70.9247531301691
paris-saint-germain-fan-token,PSG,2022-03-31,230.2201908563619,79.22966815907917
paris-saint-germain-fan-token,PSG,2022-04-30,156.30120742804093,58.55359381572164
paris-saint-germain-fan-token,PSG,2022-05-31,123.32164852888324,187.0696090287547
paris-saint-germain-fan-token,PSG,2022-06-30,98.7261470944878,166.9925171991634
paris-saint-germain-fan-token,PSG,2022-07-31,151.09589198799748,64.33317385416022
paris-saint-germain-fan-token,PSG,2022-08-31,146.89453507247043,88.91469945179813
paris-saint-germain-fan-token,PSG,2022-09-30,140.70394901497383,76.70618703068342
paris-saint-germain-fan-token,PSG,2022-10-31,115.56905307822947,54.22139114896775
paris-saint-germain-fan-token,PSG,2022-11-30,91.54762522435344,110.04549503473429
paris-saint-germain-fan-token,PSG,2022-12-31,89.89947009926985,100.9072716563898
paris-saint-germain-fan-token,PSG,2023-01-31,106.06864943520728,67.13985902691216
paris-saint-germain-fan-token,PSG,2023-02-28,100.92000487620324,55.29278671215792
paris-saint-germain-fan-token,PSG,2023-03-31,90.01382116603394,49.302388260295814
paris-saint-germain-fan-token,PSG,2023-04-30,89.91371075756359,42.43967260822296
paris-saint-germain-fan-token,PSG,2023-05-31,65.8836052489521,42.782618750151954
paris-saint-germain-fan-token,PSG,2023-06-30,54.57107389545401,55.978391531955445
paris-saint-germain-fan-token,PSG,2023-07-31,63.45851812939885,63.86502293423156
paris-saint-germain-fan-token,PSG,2023-08-31,53.65318225093554,54.383281108012376
paris-saint-germain-fan-token,PSG,2023-09-30,49.74563550632952,31.650461556739184
paris-saint-germain-fan-token,PSG,2023-10-31,48.933334479314695,21.54126288171187
paris-saint-germain-fan-token,PSG,2023-11-30,51.91025893553997,29.712997866649324
paris-saint-germain-fan-token,PSG,2023-12-31,54.44154383244659,37.03300504181999
paris-saint-germain-fan-token,PSG,2024-01-31,54.16973334958735,46.17924597234915
paris-saint-germain-fan-token,PSG,2024-02-29,61.36693918418848,35.072997829151525
paris-saint-germain-fan-token,PSG,2024-03-31,91.10956333536718,61.76195821312785
paris-saint-germain-fan-token,PSG,2024-04-30,84.51578371168328,88.56204266032447
paris-saint-germain-fan-token,PSG,2024-05-31,62.07159155836486,88.97277004775496
paris-saint-germain-fan-token,PSG,2024-06-30,50.81165838379725,71.57660245948053
paris-saint-germain-fan-token,PSG,2024-07-31,44.22444712576047,70.4477649337546
paris-saint-germain-fan-token,PSG,2024-08-31,38.07404795364263,60.29063865474786
paris-saint-germain-fan-token,PSG,2024-09-30,37.97704431115665,48.45672873678291
paris-saint-germain-fan-token,PSG,2024-10-31,49.58063784586624,110.97009704565865
paris-saint-germain-fan-token,PSG,2024-11-30,48.80602015549916,82.72059672621761
paris-saint-germain-fan-token,PSG,2024-12-31,52.72420008266837,66.38060507523245
paris-saint-germain-fan-token,PSG,2025-01-31,41.94185726886253,55.45795459279886
paris-saint-germain-fan-token,PSG,2025-02-28,39.08625833248042,57.53739259479759
paris-saint-germain-fan-token,PSG,2025-03-31,38.57326739840205,65.81676247214112
paris-saint-germain-fan-token,PSG,2025-04-30,37.07268365757509,59.54837840737083
paris-saint-germain-fan-token,PSG,2025-05-31,33.33420333294485,67.31115079216043
paris-saint-germain-fan-token,PSG,2025-06-30,23.792475365474747,95.25044164716549
paris-saint-germain-fan-token,PSG,2025-07-31,27.409062436376352,62.88593076578708
paris-saint-germain-fan-token,PSG,2025-08-31,26.919585147387657,68.462157680595
paris-saint-germain-fan-token,PSG,2025-09-30,25.9652816535691,48.970477704461125
paris-saint-germain-fan-token,PSG,2025-10-31,19.07199874972382,93.24226299799685
paris-saint-germain-fan-token,PSG,2025-11-30,14.62056787108782,73.5909192451788
paris-saint-germain-fan-token,PSG,2025-12-31,13.689500069310846,51.50563930450598
paris-saint-germain-fan-token,PSG,2026-01-31,12.164144995134048,36.282233883877275
paris-saint-germain-fan-token,PSG,2026-02-28,11.980822146478811,60.67826121266995
paris-saint-germain-fan-token,PSG,2026-03-31,13.163541935584597,50.636154883737845
paris-saint-germain-fan-token,PSG,2026-04-30,12.256931045092422,45.56467198344083
paris-saint-germain-fan-token,PSG,2026-05-31,13.335653025651006,95.65205315338811
paris-saint-germain-fan-token,PSG,2026-06-30,8.564094159295719,109.8977844272745
paris-saint-germain-fan-token,PSG,2026-07-31,8.057020569629485,38.69597412959088
paris-saint-germain-fan-token,PSG,2026-08-31,8.033141741545771,29.853655845528653
paris-saint-germain-fan-token,PSG,2026-09-30,7.63853268625338,26.876463111994997
santos-fc-fan-token,SANTOS,2021-12-31,33.50783661336488,224.35052889470398
santos-fc-fan-token,SANTOS,2022-01-31,25.705125509069905,138.04162928218577
santos-fc-fan-token,SANTOS,2022-02-28,31.67127105468601,107.56218901370481
santos-fc-fan-token,SANTOS,2022-03-31,57.980510944290174,223.6368817868887
santos-fc-fan-token,SANTOS,2022-04-30,33.66357854417525,123.92084493476321
santos-fc-fan-token,SANTOS,2022-05-31,40.068713203936056,241.63905916760473
santos-fc-fan-token,SANTOS,2022-06-30,33.53087299871972,232.40770560547153
santos-fc-fan-token,SANTOS,2022-07-31,40.30488861291857,62.92635487430247
santos-fc-fan-token,SANTOS,2022-08-31,125.04541361077231,177.90017983264391
santos-fc-fan-token,SANTOS,2022-09-30,164.8241420588653,247.45362892514504
santos-fc-fan-token,SANTOS,2022-10-31,113.2199018677354,153.80649166709009
santos-fc-fan-token,SANTOS,2022-11-30,64.58914811994357,173.54085075830264
santos-fc-fan-token,SANTOS,2022-12-31,41.09036549027221,127.86423319204856
santos-fc-fan-token,SANTOS,2023-01-31,55.09111414998794,88.6013555221827
santos-fc-fan-token,SANTOS,2023-02-28,46.62317609989161,92.5225381127689
santos-fc-fan-token,SANTOS,2023-03-31,41.98471551797518,77.78190604890048
santos-fc-fan-token,SANTOS,2023-04-30,46.975559809253255,80.81473003828594
santos-fc-fan-token,SANTOS,2023-05-31,39.811763993189984,58.984485878509815
santos-fc-fan-token,SANTOS,2023-06-30,29.122333789286504,74.94540615707045
santos-fc-fan-token,SANTOS,2023-07-31,30.88629139832319,50.50054609906667
santos-fc-fan-token,SANTOS,2023-08-31,28.449714672699493,43.92086984728884
santos-fc-fan-token,SANTOS,2023-09-30,27.10401571181838,41.42086220379177
santos-fc-fan-token,SANTOS,2023-10-31,27.13969701998582,22.63305151832251
santos-fc-fan-token,SANTOS,2023-11-30,27.982821881482405,39.773913774442
santos-fc-fan-token,SANTOS,2023-12-31,28.26161916503185,51.575549335533864
santos-fc-fan-token,SANTOS,2024-01-31,40.44395539389436,92.96950639950857
santos-fc-fan-token,SANTOS,2024-02-29,59.68554558508359,114.87537096745339
santos-fc-fan-token,SANTOS,2024-03-31,76.38689759738256,107.27743227825626
santos-fc-fan-token,SANTOS,2024-04-30,56.43204617568177,121.91651922195153
santos-fc-fan-token,SANTOS,2024-05-31,64.52556313470373,101.73188033661289
santos-fc-fan-token,SANTOS,2024-06-30,29.624355927754607,107.2341620798068
santos-fc-fan-token,SANTOS,2024-07-31,28.2865965369151,93.31245754854328
santos-fc-fan-token,SANTOS,2024-08-31,25.069077224441266,78.16200638156839
santos-fc-fan-token,SANTOS,2024-09-30,26.912560541217296,54.51612106105968
santos-fc-fan-token,SANTOS,2024-10-31,44.15568272045752,155.2161703857532
santos-fc-fan-token,SANTOS,2024-11-30,42.07468058569166,177.5186146562325
santos-fc-fan-token,SANTOS,2024-12-31,30.641476204417494,96.07928632758897
santos-fc-fan-token,SANTOS,2025-01-31,30.708612442330345,68.91217875680394
santos-fc-fan-token,SANTOS,2025-02-28,22.819268563289526,79.46044270879072
santos-fc-fan-token,SANTOS,2025-03-31,25.90267277722374,73.65101795797287
santos-fc-fan-token,SANTOS,2025-04-30,22.526724715924875,61.504430482687575
santos-fc-fan-token,SANTOS,2025-05-31,22.133359048933933,52.24376062566283
santos-fc-fan-token,SANTOS,2025-06-30,17.86523915280477,59.71716034126248
santos-fc-fan-token,SANTOS,2025-07-31,21.007201402144943,65.04875546714449
santos-fc-fan-token,SANTOS,2025-08-31,18.490667891867844,109.84717315984517
santos-fc-fan-token,SANTOS,2025-09-30,20.570921914317243,68.38775309346809
santos-fc-fan-token,SANTOS,2025-10-31,13.301857800088149,121.5271686361818
santos-fc-fan-token,SANTOS,2025-11-30,18.083039053013884,92.73200376629528
santos-fc-fan-token,SANTOS,2025-12-31,16.86219159868044,107.66028121275691
santos-fc-fan-token,SANTOS,2026-01-31,19.15307116984056,83.87312813298891
santos-fc-fan-token,SANTOS,2026-02-28,12.88223293462292,104.82685597821215
santos-fc-fan-token,SANTOS,2026-03-31,10.659754321739934,80.81124644716407
santos-fc-fan-token,SANTOS,2026-04-30,10.89774070992757,76.83484962945798
santos-fc-fan-token,SANTOS,2026-05-31,7.692811010133181,73.1945799050471
santos-fc-fan-token,SANTOS,2026-06-30,5.119701505922723,84.02087889938038
santos-fc-fan-token,SANTOS,2026-07-31,4.568326762869654,72.26033116236856
santos-fc-fan-token,SANTOS,2026-08-31,5.034961250062837,65.73266266982822
santos-fc-fan-token,SANTOS,2026-09-30,4.9457249076058485,74.7329404147425
